"","Expedition 1
Whole Foods Gowanus (MS51),
October 7, 2016","WFC- Baseline
The WaterFront Center,
October 10, 2016","First Expedition
GHS ORS,
October 11, 2016","Day 7 Tarrytown
Tarrytown Boat Club,
October 12, 2016","EXPEDITION #1 7A
IS 281 Joe Gulino,
October 13, 2016","October Oyster Monitoring
IS 288 ORS,
October 13, 2016","APES CURTIS HS 1
CURTIS HS,
October 13, 2016","10/14/16 - Pier 26
Pier 26,
October 14, 2016","Yonkers Day 5
Science Barge,
October 15, 2016","2016-10-16 Monitoring
Katy's Cage on Brooklyn Barge,
October 16, 2016","10/17/16 - Pier 84
Pier 84,
October 17, 2016","PS 71 - McMurray Hall (East) Trip #1
SUNY Maritime McMurray Hall East,
October 17, 2016","Team Leaders
East Harlem,
October 19, 2016","Our first trip!
McKinney Oysters,
October 19, 2016","October Pier 40
Pier 40,
October 20, 2016"
Oyster Measurements (mm),,,,,,,,,,,,,,,
Substrate Shell #1,,,,,,,,,,,,,,,
Outer side photo,http://s3-us-west-1.amazonaws.com/digital-platform-prod-files/uploads/protocols/oyster-measurements/img/outer-substrates/2513da38cc2349afd261ae2bba868935.JPG,http://s3-us-west-1.amazonaws.com/digital-platform-prod-files/uploads/protocols/oyster-measurements/img/outer-substrates/273e6e05fd6da0213727c45042fc4eed.jpg,http://s3-us-west-1.amazonaws.com/digital-platform-prod-files/uploads/protocols/oyster-measurements/img/outer-substrates/9a9bf3794db045b981ebfe5f2bd30cfb.JPG,,http://s3-us-west-1.amazonaws.com/digital-platform-prod-files/uploads/protocols/oyster-measurements/img/outer-substrates/e173bfc299be327621895f28bbed297e.jpg,,,http://s3-us-west-1.amazonaws.com/digital-platform-prod-files/uploads/protocols/oyster-measurements/img/outer-substrates/44b3b72476d45e3e35bfa9b7b029b1af.jpg,,http://s3-us-west-1.amazonaws.com/digital-platform-prod-files/uploads/protocols/oyster-measurements/img/outer-substrates/9379c99b723902efc9696cf680f4d1ab.JPG,http://s3-us-west-1.amazonaws.com/digital-platform-prod-files/uploads/protocols/oyster-measurements/img/outer-substrates/7bc753bc940ea5c510d5ea78b74587b7.jpg,,,,http://s3-us-west-1.amazonaws.com/digital-platform-prod-files/uploads/protocols/oyster-measurements/img/outer-substrates/e8330ab7969ed74ee43234cfb6c47b21.jpg
Inner side photo,http://s3-us-west-1.amazonaws.com/digital-platform-prod-files/uploads/protocols/oyster-measurements/img/inner-substrateseeea32ebd8a7df9b94d5f372655091ac.JPG,http://s3-us-west-1.amazonaws.com/digital-platform-prod-files/uploads/protocols/oyster-measurements/img/inner-substratesa33de6cb854410c2c0b16774b22c41e2.jpg,http://s3-us-west-1.amazonaws.com/digital-platform-prod-files/uploads/protocols/oyster-measurements/img/inner-substrates7d2a6d2329a18ef825080554cfe42795.JPG,,http://s3-us-west-1.amazonaws.com/digital-platform-prod-files/uploads/protocols/oyster-measurements/img/inner-substrates9b12472309720987c7e681f506fa2759.jpg,,,http://s3-us-west-1.amazonaws.com/digital-platform-prod-files/uploads/protocols/oyster-measurements/img/inner-substratesae36d8f098a0e03f9f83ec882f668d09.jpg,,http://s3-us-west-1.amazonaws.com/digital-platform-prod-files/uploads/protocols/oyster-measurements/img/inner-substrates348acd10c22725462d2b8b3cceeac87d.JPG,http://s3-us-west-1.amazonaws.com/digital-platform-prod-files/uploads/protocols/oyster-measurements/img/inner-substrates26d2db35d9667bd97ec20332631d2c6b.jpg,,,,http://s3-us-west-1.amazonaws.com/digital-platform-prod-files/uploads/protocols/oyster-measurements/img/inner-substrates200bd615b5f215d16b12fa15ac7869c5.jpg
Set date,1/1/70,1/1/70,11/17/16,7/14/15,5/10/17,9/11/16,12/31/69,7/13/15,7/15/15,8/15/15,7/15/15,7/15/15,6/8/16,10/21/16,6/23/16
Source,"Muscongus Bay, Maine","Muscongus Bay, Maine",Wallabout Channel,"Muscongus Bay, Maine",MARINE BASE MARINA,"Muscongus Bay, Maine","Muscongus Bay, Maine","Muscongus Bay, Maine","Muscongus Bay, Maine","Muscongus Bay, Maine","Muscongus Bay, Maine","Muscongus Bay, Maine","Muscongus Bay, Maine","Tappan Zee, New York","Hudson River, New York"
Total number of live oysters at baseline,5,6,2,3,10,2,3,2,,2,,3,13,,25
Total mass of live oysters at baseline (g),,,45,,112,159,,,,,,,,,
Total number of live oysters on shell,3,6,2,3,12,2,3,1,3,0,2,1,13,7,16
Total mass of scrubbed substrate shell + oysters + tag (g),0,59,1.23,0,28,0,,55.6,0,0,33.1,0,60.06,0,0
Measurements (mm),"30.85,15.44,80.12","20,21,22,25,21,11","37,24","53,55,55","12,14,14,9,23,16,12,16,65,121,12,12","80,5.9","55.25,55.25,25.5",60,"59,64,40",,"51,40",54,"40.6,26.1,16.3,41.9,17,21.2,20.7,31.3,20.7,49.1,23.2,29,37.9","55,53,31,50,55,50,39","70,53.1,76.5,61,64.4,87.1,47,71,80.4,80,70.5,65.9,73,73.8,58,60.5"
Minimum size of live oysters (mm),15.44,11,24,53,9,5.9,25.5,60,40,0,40,54,16.3,31,47
Maximum size of live oysters (mm),80.12,25,37,55,121,80,55.25,60,64,0,51,54,49.1,55,87.1
Average size of live oysters (mm),42.13666666666666,20,30.5,54.333333333333336,27.166666666666668,42.95,45.333333333333336,60,54.333333333333336,0,45.5,54,28.846153846153843,47.57142857142857,68.26249999999999
Substrate Shell #2,,,,,,,,,,,,,,,
Outer side photo,http://s3-us-west-1.amazonaws.com/digital-platform-prod-files/uploads/protocols/oyster-measurements/img/outer-substrates/f03dea81396ae21daffc76ce00b54058.JPG,http://s3-us-west-1.amazonaws.com/digital-platform-prod-files/uploads/protocols/oyster-measurements/img/outer-substrates/dec992763021db3fe7cce957f7371cd0.jpg,http://s3-us-west-1.amazonaws.com/digital-platform-prod-files/uploads/protocols/oyster-measurements/img/outer-substrates/a95ba3540b9f8574b23d883fc3388da1.JPG,,http://s3-us-west-1.amazonaws.com/digital-platform-prod-files/uploads/protocols/oyster-measurements/img/outer-substrates/4aa12da8f535e48661d140e3fa4010ce.jpg,,,http://s3-us-west-1.amazonaws.com/digital-platform-prod-files/uploads/protocols/oyster-measurements/img/outer-substrates/2e6e4d526544f235a20a74001646629f.jpg,http://s3-us-west-1.amazonaws.com/digital-platform-prod-files/uploads/protocols/oyster-measurements/img/outer-substrates/ed42aef0daff9d8afdb68d364c788c82.jpg,http://s3-us-west-1.amazonaws.com/digital-platform-prod-files/uploads/protocols/oyster-measurements/img/outer-substrates/02954c8c4a552248aed9c5df589e0b0a.JPG,http://s3-us-west-1.amazonaws.com/digital-platform-prod-files/uploads/protocols/oyster-measurements/img/outer-substrates/a59bfcfe489464ae00d63b6e9e1a076c.jpg,,,,http://s3-us-west-1.amazonaws.com/digital-platform-prod-files/uploads/protocols/oyster-measurements/img/outer-substrates/cc3c5f2667b980f1d7a21643a80c44af.jpg
Inner side photo,http://s3-us-west-1.amazonaws.com/digital-platform-prod-files/uploads/protocols/oyster-measurements/img/inner-substratesafc2fd957330b9437f6162d566d495b2.JPG,http://s3-us-west-1.amazonaws.com/digital-platform-prod-files/uploads/protocols/oyster-measurements/img/inner-substrates324b879073caa85ccd16635300518176.jpg,http://s3-us-west-1.amazonaws.com/digital-platform-prod-files/uploads/protocols/oyster-measurements/img/inner-substrates66cb888dd2278983997258ddfa45e503.JPG,,http://s3-us-west-1.amazonaws.com/digital-platform-prod-files/uploads/protocols/oyster-measurements/img/inner-substratese7e0e958f5e363109aa33e4338d557ce.jpg,,,http://s3-us-west-1.amazonaws.com/digital-platform-prod-files/uploads/protocols/oyster-measurements/img/inner-substrates5012bae8ce264602cd79813058a2ed40.jpg,,http://s3-us-west-1.amazonaws.com/digital-platform-prod-files/uploads/protocols/oyster-measurements/img/inner-substratesf7d24c488df11c1acd3cb178abebaf7d.JPG,http://s3-us-west-1.amazonaws.com/digital-platform-prod-files/uploads/protocols/oyster-measurements/img/inner-substrates8214f06b0c98692964dc7204e1d6e133.jpg,,,,http://s3-us-west-1.amazonaws.com/digital-platform-prod-files/uploads/protocols/oyster-measurements/img/inner-substratesba4211912f08a1f188977618f4245143.jpg
Set date,1/1/70,1/1/70,11/18/16,7/14/15,,9/14/16,12/31/69,7/11/15,7/15/15,8/15/15,7/15/15,7/15/15,6/9/16,,
Source,"Muscongus Bay, Maine","Muscongus Bay, Maine",Wallabout Channel,"Muscongus Bay, Maine",,"Muscongus Bay, Maine","Muscongus Bay, Maine","Muscongus Bay, Maine","Muscongus Bay, Maine","Muscongus Bay, Maine","Muscongus Bay, Maine","Muscongus Bay, Maine","Muscongus Bay, Maine",,
Total number of live oysters at baseline,2,7,4,3,,0,3,,,2,,0,9,,
Total mass of live oysters at baseline (g),,,105,,,39.6,,,,,,,,,
Total number of live oysters on shell,1,7,4,3,6,0,3,0,4,2,2,0,8,3,15
Total mass of scrubbed substrate shell + oysters + tag (g),0,58,1.87,0,76,0,0,98.3,0,0,31.8,0,80,0,0
Measurements (mm),52.21,"19,15,20,45,30,43,21","40,35,48,35","35,35,34","124,14,102,52,88,55",,"40.1,45.4,37.5",,"44,43,40,39","39,38","50,50",,"56.5,70,55,47.1,35,19.3,35.5,21","29,24,48","54.8,61.5,72,72.4,55,34.2,71,59.5,33,51.4,34.3,70,101,44.5,69.4"
Minimum size of live oysters (mm),52.21,15,35,34,14,59,37.5,0,39,38,50,0,19.3,24,33
Maximum size of live oysters (mm),52.21,45,48,35,124,80,45.4,0,44,39,50,0,70,48,101
Average size of live oysters (mm),52.21,27.571428571428573,39.5,34.666666666666664,72.5,69.5,41,0,41.5,38.5,50,0,42.425000000000004,33.666666666666664,58.93333333333333
Substrate Shell #3,,,,,,,,,,,,,,,
Outer side photo,http://s3-us-west-1.amazonaws.com/digital-platform-prod-files/uploads/protocols/oyster-measurements/img/outer-substrates/f92ad0b185be3257441cf993d5e7995c.JPG,http://s3-us-west-1.amazonaws.com/digital-platform-prod-files/uploads/protocols/oyster-measurements/img/outer-substrates/b6180b50dfa9b6bf051691b9754a6082.jpg,http://s3-us-west-1.amazonaws.com/digital-platform-prod-files/uploads/protocols/oyster-measurements/img/outer-substrates/d2b76aceec6e82ae204185abd0d9f985.JPG,,,,,http://s3-us-west-1.amazonaws.com/digital-platform-prod-files/uploads/protocols/oyster-measurements/img/outer-substrates/52f765d10229bc4805170f61f83b81b8.jpg,,http://s3-us-west-1.amazonaws.com/digital-platform-prod-files/uploads/protocols/oyster-measurements/img/outer-substrates/07ce8e1d669b398fe64118015908dff1.JPG,http://s3-us-west-1.amazonaws.com/digital-platform-prod-files/uploads/protocols/oyster-measurements/img/outer-substrates/6c3bc7fef8f1cee8cfb4a4656fa5a777.jpg,,,,http://s3-us-west-1.amazonaws.com/digital-platform-prod-files/uploads/protocols/oyster-measurements/img/outer-substrates/0183cf837048e5325fa8539894e2e562.jpg
Inner side photo,http://s3-us-west-1.amazonaws.com/digital-platform-prod-files/uploads/protocols/oyster-measurements/img/inner-substratesdb51d15bb63997e8e27cacc7e2a5b1eb.JPG,http://s3-us-west-1.amazonaws.com/digital-platform-prod-files/uploads/protocols/oyster-measurements/img/inner-substratesa9db13a836935f783b5397ba7358de57.jpg,http://s3-us-west-1.amazonaws.com/digital-platform-prod-files/uploads/protocols/oyster-measurements/img/inner-substrates3f3ffcf3b98648edf099dba5288804bd.JPG,,,,,http://s3-us-west-1.amazonaws.com/digital-platform-prod-files/uploads/protocols/oyster-measurements/img/inner-substrates2f4de405f46a5b49bc04e01a67d3b4cb.jpg,,http://s3-us-west-1.amazonaws.com/digital-platform-prod-files/uploads/protocols/oyster-measurements/img/inner-substratesaecc86d9d27ea6b7e8be3bdabd058bd7.JPG,http://s3-us-west-1.amazonaws.com/digital-platform-prod-files/uploads/protocols/oyster-measurements/img/inner-substrates4fbb99a0deee1a00f6410e49861193d9.jpg,,,,http://s3-us-west-1.amazonaws.com/digital-platform-prod-files/uploads/protocols/oyster-measurements/img/inner-substratesc5ea09447a92bd3eefa6ca4294f14aac.jpg
Set date,1/1/70,1/1/70,11/18/16,7/14/15,,9/14/16,12/31/69,7/11/15,7/15/15,8/15/15,7/15/15,,6/9/16,10/21/16,
Source,"Muscongus Bay, Maine","Muscongus Bay, Maine",Wallabout Channel,"Muscongus Bay, Maine",,"Muscongus Bay, Maine","Muscongus Bay, Maine","Muscongus Bay, Maine","Muscongus Bay, Maine","Muscongus Bay, Maine","Muscongus Bay, Maine",,"Muscongus Bay, Maine","Tappan Zee, New York",
Total number of live oysters at baseline,2,16,6,6,,1,3,,,1,,,6,,
Total mass of live oysters at baseline (g),,,106,,,,,,,,,,,,
Total number of live oysters on shell,2,16,9,0,0,1,3,1,3,1,6,0,2,3,4
Total mass of scrubbed substrate shell + oysters + tag (g),0,125,2.08,0,0,0,0,59.2,0,0,105.8,0,30.36,0,0
Measurements (mm),"60.39,54.47","31,18,17,29,20,40,36,45,21,26,53,50,24,31,18,14","32,26,34,35,40,22,27,29,30",,,56,"40.1,45.4,37.5",61,"55,46,64",52,"54,44,47,38,45,43",,"29.5,19.6","61,53,49","91.1,60.2,62.05,65.65"
Minimum size of live oysters (mm),54.47,14,22,0,,56,37.5,61,46,52,38,0,19.6,49,60.2
Maximum size of live oysters (mm),60.39,53,40,0,,56,45.4,61,64,52,54,0,29.5,61,91.1
Average size of live oysters (mm),57.43,29.5625,30.555555555555557,0,,56,41,61,55,52,45.166666666666664,0,24.55,54.333333333333336,69.75
Substrate Shell #4,,,,,,,,,,,,,,,
Outer side photo,http://s3-us-west-1.amazonaws.com/digital-platform-prod-files/uploads/protocols/oyster-measurements/img/outer-substrates/c5e68b0279119e53656014fc3c9db208.JPG,http://s3-us-west-1.amazonaws.com/digital-platform-prod-files/uploads/protocols/oyster-measurements/img/outer-substrates/c9a47b4427b541747be0cd5c7469fc25.jpg,http://s3-us-west-1.amazonaws.com/digital-platform-prod-files/uploads/protocols/oyster-measurements/img/outer-substrates/383bb0da8f26d6a4b5bd88ea59ef4d7e.JPG,,,,,,,http://s3-us-west-1.amazonaws.com/digital-platform-prod-files/uploads/protocols/oyster-measurements/img/outer-substrates/7ae15765e24cf23337c7e4bc212f235a.JPG,,,,,http://s3-us-west-1.amazonaws.com/digital-platform-prod-files/uploads/protocols/oyster-measurements/img/outer-substrates/9bb11c4f7c4bc55a1750a4138ac7e63e.jpg
Inner side photo,http://s3-us-west-1.amazonaws.com/digital-platform-prod-files/uploads/protocols/oyster-measurements/img/inner-substratese6268a9b51983a39dcb45bd354511d9b.JPG,http://s3-us-west-1.amazonaws.com/digital-platform-prod-files/uploads/protocols/oyster-measurements/img/inner-substrates9a64b6d8c163fb24f60fbace92596fe1.jpg,http://s3-us-west-1.amazonaws.com/digital-platform-prod-files/uploads/protocols/oyster-measurements/img/inner-substrates6a6b0b49f6dd27ff5da7a23fa96b01ad.JPG,,,,,,,http://s3-us-west-1.amazonaws.com/digital-platform-prod-files/uploads/protocols/oyster-measurements/img/inner-substrates60d2e616f567dcc9191d927964ee9c77.JPG,,,,,
Set date,1/1/70,1/1/70,11/17/16,7/14/15,,2/2/17,12/31/69,7/11/15,7/15/15,8/15/15,7/15/15,,6/9/16,,
Source,"Muscongus Bay, Maine","Muscongus Bay, Maine",Wallabout Channel,"Muscongus Bay, Maine",,"Muscongus Bay, Maine","Muscongus Bay, Maine","Muscongus Bay, Maine","Muscongus Bay, Maine","Muscongus Bay, Maine","Muscongus Bay, Maine",,"Muscongus Bay, Maine",,
Total number of live oysters at baseline,2,14,4,3,,1,2,,,2,,,7,,
Total mass of live oysters at baseline (g),,,41,,,75.9,,,,,,,,,
Total number of live oysters on shell,2,14,10,3,0,1,2,2,9,2,0,0,3,4,5
Total mass of scrubbed substrate shell + oysters + tag (g),0,156,1.62,0,0,0,0,89.7,0,0,0,0,70,0,0
Measurements (mm),"61.51,43.61","11,40,22,38,64,66,30,27,45,44,47,38,55,26","43,20,12,35,22,25,30,20,26,19","46,40,42",,64,"35.32,42.5","51,66","43,54,40,51,47,56,52,35,40","52,39",,,"68,51,50","63,59,30,21","89.4,44,39.6,43.3,65.1"
Minimum size of live oysters (mm),43.61,11,12,40,,64,35.32,51,35,39,0,0,50,21,39.6
Maximum size of live oysters (mm),61.51,66,43,46,,64,42.5,66,56,52,0,0,68,63,89.4
Average size of live oysters (mm),52.56,39.5,25.2,42.666666666666664,,64,38.91,58.5,46.44444444444444,45.5,0,0,56.333333333333336,43.25,56.279999999999994
Substrate Shell #5,,,,,,,,,,,,,,,
Outer side photo,http://s3-us-west-1.amazonaws.com/digital-platform-prod-files/uploads/protocols/oyster-measurements/img/outer-substrates/caf14835e66190023fd25bec4c21e802.JPG,http://s3-us-west-1.amazonaws.com/digital-platform-prod-files/uploads/protocols/oyster-measurements/img/outer-substrates/f1780e107171b500330cca994acf8268.jpg,http://s3-us-west-1.amazonaws.com/digital-platform-prod-files/uploads/protocols/oyster-measurements/img/outer-substrates/2e2206e6ab372e1c712fa7eef1171902.JPG,,,,,http://s3-us-west-1.amazonaws.com/digital-platform-prod-files/uploads/protocols/oyster-measurements/img/outer-substrates/a1893cb28469509579ff68dc8712594e.jpg,http://s3-us-west-1.amazonaws.com/digital-platform-prod-files/uploads/protocols/oyster-measurements/img/outer-substrates/9f099fd2b9e4c6ae877189c309bc181f.jpg,http://s3-us-west-1.amazonaws.com/digital-platform-prod-files/uploads/protocols/oyster-measurements/img/outer-substrates/8a4cef3ea8b262d0bc516e885bdf7228.JPG,,,,,http://s3-us-west-1.amazonaws.com/digital-platform-prod-files/uploads/protocols/oyster-measurements/img/outer-substrates/79f6687ad1d69c33c72f0c5c90502063.jpg
Inner side photo,http://s3-us-west-1.amazonaws.com/digital-platform-prod-files/uploads/protocols/oyster-measurements/img/inner-substratese850f9ff716c6db4b54c777a3b21a542.JPG,http://s3-us-west-1.amazonaws.com/digital-platform-prod-files/uploads/protocols/oyster-measurements/img/inner-substratesa47438847e829b679954b9d6b450484d.jpg,http://s3-us-west-1.amazonaws.com/digital-platform-prod-files/uploads/protocols/oyster-measurements/img/inner-substrates86c0a40388ba065eec74d8b982cc53cc.JPG,,,,,http://s3-us-west-1.amazonaws.com/digital-platform-prod-files/uploads/protocols/oyster-measurements/img/inner-substrates1b25edc3dbca4afb0fefc211459beee4.jpg,,http://s3-us-west-1.amazonaws.com/digital-platform-prod-files/uploads/protocols/oyster-measurements/img/inner-substrates0aa415cd4d993bb417e0d2f24f823bb6.JPG,,,,,http://s3-us-west-1.amazonaws.com/digital-platform-prod-files/uploads/protocols/oyster-measurements/img/inner-substrates61039304790c193f50aa5db1b3d478db.jpg
Set date,1/1/70,1/1/70,11/19/16,7/20/16,,,12/31/69,7/12/15,7/15/15,8/15/15,8/2/16,,6/9/16,,
Source,"Muscongus Bay, Maine","Muscongus Bay, Maine",Wallabout Channel,"Muscongus Bay, Maine",,,"Muscongus Bay, Maine","Muscongus Bay, Maine","Muscongus Bay, Maine","Muscongus Bay, Maine",,,"Muscongus Bay, Maine",,
Total number of live oysters at baseline,5,12,3,,,,2,13,,5,,,9,,
Total mass of live oysters at baseline (g),,,23,,,,,,,,,,,,
Total number of live oysters on shell,2,12,2,0,0,0,2,3,13,4,0,0,5,7,5
Total mass of scrubbed substrate shell + oysters + tag (g),0,96,2.06,0,0,0,0,80.9,0,0,0,0,71.5,0,0
Measurements (mm),"52.08,60.89","45,27,14,17,41,65,23,13,24,24,61,25","22.5,27",,,,"43.4,37.6","60,60,55","63,54,45,44,44,58,33,60,55,51,61,42,44","26,47,34,31",,,"57,41,43,46,30","62,45,21,71,42,30,60","68,68,36.4,74,78.5"
Minimum size of live oysters (mm),52.08,13,22.5,0,,,37.6,55,33,26,0,0,30,21,36.4
Maximum size of live oysters (mm),60.89,65,27,0,,,43.4,60,63,47,0,0,57,71,78.5
Average size of live oysters (mm),56.485,31.583333333333332,24.75,0,,,40.5,58.333333333333336,50.30769230769231,34.5,0,0,43.4,47.285714285714285,64.97999999999999
Substrate Shell #6,,,,,,,,,,,,,,,
Outer side photo,http://s3-us-west-1.amazonaws.com/digital-platform-prod-files/uploads/protocols/oyster-measurements/img/outer-substrates/6cfc932c11c4f33b38463801cd9f8fbf.JPG,http://s3-us-west-1.amazonaws.com/digital-platform-prod-files/uploads/protocols/oyster-measurements/img/outer-substrates/9afa88159386657b1d76854473dc0c8c.jpg,http://s3-us-west-1.amazonaws.com/digital-platform-prod-files/uploads/protocols/oyster-measurements/img/outer-substrates/fc9df9cd17f6ce0bd22c52d55303313a.JPG,,,,,http://s3-us-west-1.amazonaws.com/digital-platform-prod-files/uploads/protocols/oyster-measurements/img/outer-substrates/86c91a1d5f865bc583b58ad92e7ae675.jpg,,http://s3-us-west-1.amazonaws.com/digital-platform-prod-files/uploads/protocols/oyster-measurements/img/outer-substrates/b022ea38116d7608e9d321fe5d77790f.JPG,http://s3-us-west-1.amazonaws.com/digital-platform-prod-files/uploads/protocols/oyster-measurements/img/outer-substrates/98ee4c5c95dd5b7e41e94adae2b140e5.jpg,,,,http://s3-us-west-1.amazonaws.com/digital-platform-prod-files/uploads/protocols/oyster-measurements/img/outer-substrates/196e7a22bb052efff5fa3201512aebf5.jpg
Inner side photo,http://s3-us-west-1.amazonaws.com/digital-platform-prod-files/uploads/protocols/oyster-measurements/img/inner-substrates65ce5312e3a7d9cdea941f6d74b42769.JPG,http://s3-us-west-1.amazonaws.com/digital-platform-prod-files/uploads/protocols/oyster-measurements/img/inner-substrates30ad44156deb91f3ffa0df961b087b40.jpg,http://s3-us-west-1.amazonaws.com/digital-platform-prod-files/uploads/protocols/oyster-measurements/img/inner-substratesd03262b7986e3f1b61e45b9ef9c4a4ab.JPG,http://s3-us-west-1.amazonaws.com/digital-platform-prod-files/uploads/protocols/oyster-measurements/img/inner-substrates0d31285e3a022381146d7ea7502d1d5a.JPG,,,,http://s3-us-west-1.amazonaws.com/digital-platform-prod-files/uploads/protocols/oyster-measurements/img/inner-substrates33449c8e26a5dff0533b4a3587c42b5f.jpg,,http://s3-us-west-1.amazonaws.com/digital-platform-prod-files/uploads/protocols/oyster-measurements/img/inner-substrates32faeeb51d7cf720d447327a819d0df9.JPG,http://s3-us-west-1.amazonaws.com/digital-platform-prod-files/uploads/protocols/oyster-measurements/img/inner-substratesda81b260c4129b0f7a6cefd2f53f76a1.jpg,,,,http://s3-us-west-1.amazonaws.com/digital-platform-prod-files/uploads/protocols/oyster-measurements/img/inner-substrates39cbe0910993eb8b5b0b20837e0b230a.jpg
Set date,1/1/70,1/1/70,11/18/16,7/14/15,,,12/31/69,7/13/15,7/15/15,8/15/15,7/15/15,7/15/15,6/9/16,,
Source,"Muscongus Bay, Maine","Muscongus Bay, Maine",Wallabout Channel,"Muscongus Bay, Maine",,,"Muscongus Bay, Maine","Muscongus Bay, Maine","Muscongus Bay, Maine","Muscongus Bay, Maine","Muscongus Bay, Maine","Muscongus Bay, Maine","Muscongus Bay, Maine",,
Total number of live oysters at baseline,4,11,6,5,,,2,12,,2,,0,3,,
Total mass of live oysters at baseline (g),,,83,,,,,,,,,,,,
Total number of live oysters on shell,3,11,6,4,0,0,2,4,9,2,5,0,2,2,3
Total mass of scrubbed substrate shell + oysters + tag (g),0,91,1.66,0,0,0,0,115.7,0,0,81.5,0,27.5,0,0
Measurements (mm),"55.26,55.8,43.41","52,27,21,70,23,22,37,32,45,38,32","40,36,25,32,35,32","66,51,46,48",,,"45.5,44.9","58,38,61,50","57,36,45,44,52,30,30,49,44","34,36","23,58,54,40,23",,"39.5,38.3","46,11","90.5,90,56.4"
Minimum size of live oysters (mm),43.41,21,25,46,,,44.9,38,30,34,23,0,38.3,11,56.4
Maximum size of live oysters (mm),55.8,70,40,66,,,45.5,61,57,36,58,0,39.5,46,90.5
Average size of live oysters (mm),51.49,36.27272727272727,33.333333333333336,52.75,,,45.2,51.75,43,35,39.6,0,38.9,28.5,78.96666666666667
Substrate Shell #7,,,,,,,,,,,,,,,
Outer side photo,http://s3-us-west-1.amazonaws.com/digital-platform-prod-files/uploads/protocols/oyster-measurements/img/outer-substrates/fd4d5f7cbd6522ae721ce1cef24501d9.JPG,http://s3-us-west-1.amazonaws.com/digital-platform-prod-files/uploads/protocols/oyster-measurements/img/outer-substrates/6062b21611ac16ce90374c644dcd9a35.jpg,http://s3-us-west-1.amazonaws.com/digital-platform-prod-files/uploads/protocols/oyster-measurements/img/outer-substrates/359d7cb5e53513d0a7c545190dabaacf.JPG,,,,,http://s3-us-west-1.amazonaws.com/digital-platform-prod-files/uploads/protocols/oyster-measurements/img/outer-substrates/b6a4a3092023237bdc9b951ef9f1f3f5.jpg,,http://s3-us-west-1.amazonaws.com/digital-platform-prod-files/uploads/protocols/oyster-measurements/img/outer-substrates/91f8a57320e62530b2ce47bef6b1ed6f.JPG,http://s3-us-west-1.amazonaws.com/digital-platform-prod-files/uploads/protocols/oyster-measurements/img/outer-substrates/5784e8cede2ed3352772a95c03b5ee77.jpg,,,,http://s3-us-west-1.amazonaws.com/digital-platform-prod-files/uploads/protocols/oyster-measurements/img/outer-substrates/a7438fa311ce86a3641c769c5a9097b0.jpg
Inner side photo,http://s3-us-west-1.amazonaws.com/digital-platform-prod-files/uploads/protocols/oyster-measurements/img/inner-substrates70b2e9a5f18430d7a219aa892061a9eb.JPG,http://s3-us-west-1.amazonaws.com/digital-platform-prod-files/uploads/protocols/oyster-measurements/img/inner-substrates297769215ba08b31589fb098ff25754e.jpg,http://s3-us-west-1.amazonaws.com/digital-platform-prod-files/uploads/protocols/oyster-measurements/img/inner-substrates27caa6903fd9d5cae930589bbc420e09.JPG,,,,,http://s3-us-west-1.amazonaws.com/digital-platform-prod-files/uploads/protocols/oyster-measurements/img/inner-substrates6a53f044a460e9160bf1802b4741e6c2.jpg,,http://s3-us-west-1.amazonaws.com/digital-platform-prod-files/uploads/protocols/oyster-measurements/img/inner-substrates21b536a209134e2b5966aad5a2a45c2d.JPG,http://s3-us-west-1.amazonaws.com/digital-platform-prod-files/uploads/protocols/oyster-measurements/img/inner-substrates1eb52e0026036c9492a22f04956b7acb.jpg,,http://s3-us-west-1.amazonaws.com/digital-platform-prod-files/uploads/protocols/oyster-measurements/img/inner-substrates8c0d120f75150d13d0ac3f62ef299218.jpg,,http://s3-us-west-1.amazonaws.com/digital-platform-prod-files/uploads/protocols/oyster-measurements/img/inner-substrates1b2de6cf3df0fdf4f1e14ebc6faa19b2.jpg
Set date,1/1/70,1/1/70,11/19/16,7/14/15,,3/27/17,12/31/69,7/14/15,7/15/15,8/15/15,7/15/15,,6/21/16,,
Source,"Muscongus Bay, Maine","Muscongus Bay, Maine",Wallabout Channel,"Muscongus Bay, Maine",,"Muscongus Bay, Maine","Muscongus Bay, Maine","Muscongus Bay, Maine","Muscongus Bay, Maine","Muscongus Bay, Maine","Muscongus Bay, Maine",,"Muscongus Bay, Maine",,
Total number of live oysters at baseline,4,13,3,5,,1,3,4,,0,,,,,
Total mass of live oysters at baseline (g),,,50,,,60.1,,,,,,,,,
Total number of live oysters on shell,4,13,2,4,0,1,3,2,9,0,13,0,8,3,2
Total mass of scrubbed substrate shell + oysters + tag (g),0,90,1.27,0,0,0,0,66.2,0,0,220,0,50.28,0,0
Measurements (mm),"60.27,35.87,35.89,39.01","15,34,25,23,26,36,30,24,23,38,40,41,24","31,50","44,49,52,34",,6.1,"32.14,38.21,43.44","54,59","43,47,42,54,43,43,24,58,57",,"63,54,51,71,56,36,38,43,49,64,53,76,65",,"37.8,7.15,15.65,22.5,13.1,3.2,17.4,4.2","55,50,55","42.5,38"
Minimum size of live oysters (mm),35.87,15,31,34,,6.1,32.14,54,24,0,36,0,3.2,50,38
Maximum size of live oysters (mm),60.27,41,50,52,,6.1,43.44,59,58,0,76,0,37.8,55,42.5
Average size of live oysters (mm),42.76,29.153846153846153,40.5,44.75,,6.1,37.93,56.5,45.666666666666664,0,55.30769230769231,0,15.124999999999998,53.333333333333336,40.25
Substrate Shell #8,,,,,,,,,,,,,,,
Outer side photo,http://s3-us-west-1.amazonaws.com/digital-platform-prod-files/uploads/protocols/oyster-measurements/img/outer-substrates/a433909100be71c34e34621c324ccac0.JPG,http://s3-us-west-1.amazonaws.com/digital-platform-prod-files/uploads/protocols/oyster-measurements/img/outer-substrates/db850d2390e76a0ffe635457d05a2f15.jpg,http://s3-us-west-1.amazonaws.com/digital-platform-prod-files/uploads/protocols/oyster-measurements/img/outer-substrates/cb8b17db52776f65da095c985153176c.JPG,http://s3-us-west-1.amazonaws.com/digital-platform-prod-files/uploads/protocols/oyster-measurements/img/outer-substrates/47dea3f5a8a49a3ac11c8772bc3965c8.JPG,,,,http://s3-us-west-1.amazonaws.com/digital-platform-prod-files/uploads/protocols/oyster-measurements/img/outer-substrates/530fa92424640fb8daf75ca28facf0f4.jpg,,http://s3-us-west-1.amazonaws.com/digital-platform-prod-files/uploads/protocols/oyster-measurements/img/outer-substrates/2d40c7b3840fafac6490262ad11645c3.JPG,http://s3-us-west-1.amazonaws.com/digital-platform-prod-files/uploads/protocols/oyster-measurements/img/outer-substrates/5b2d5fb30cf4078cd8da373eaf0cbddf.jpg,,,,http://s3-us-west-1.amazonaws.com/digital-platform-prod-files/uploads/protocols/oyster-measurements/img/outer-substrates/d26a7b70e9e41d2ec4ead41f7bf65ccf.jpg
Inner side photo,http://s3-us-west-1.amazonaws.com/digital-platform-prod-files/uploads/protocols/oyster-measurements/img/inner-substrates2dadcff22b663521cac84996f2695ad9.JPG,http://s3-us-west-1.amazonaws.com/digital-platform-prod-files/uploads/protocols/oyster-measurements/img/inner-substratesb935bfff8e25e44d1346aac1d6c37d5a.jpg,http://s3-us-west-1.amazonaws.com/digital-platform-prod-files/uploads/protocols/oyster-measurements/img/inner-substrates73f4b286e4bda7682511bb2eb1b27c5a.JPG,http://s3-us-west-1.amazonaws.com/digital-platform-prod-files/uploads/protocols/oyster-measurements/img/inner-substratescd5d52a025b26216ab207a9566994723.JPG,,,,http://s3-us-west-1.amazonaws.com/digital-platform-prod-files/uploads/protocols/oyster-measurements/img/inner-substrates7f1f916f90c83e3db6bc75df9b8162a2.jpg,,http://s3-us-west-1.amazonaws.com/digital-platform-prod-files/uploads/protocols/oyster-measurements/img/inner-substrates9e170ec0c53576ae02076e8b55144596.JPG,http://s3-us-west-1.amazonaws.com/digital-platform-prod-files/uploads/protocols/oyster-measurements/img/inner-substratesc0ad26def055885ecbf628d5ea2b4683.jpg,,,,http://s3-us-west-1.amazonaws.com/digital-platform-prod-files/uploads/protocols/oyster-measurements/img/inner-substrates1a4eb428c1672ae2a067bf540bfd7043.jpg
Set date,1/1/70,1/1/70,11/18/16,7/14/15,,,12/31/69,7/14/15,7/15/15,8/15/15,7/15/15,,6/9/16,11/16/16,
Source,"Muscongus Bay, Maine","Muscongus Bay, Maine",Wallabout Channel,"Muscongus Bay, Maine",,,"Muscongus Bay, Maine","Muscongus Bay, Maine","Muscongus Bay, Maine","Muscongus Bay, Maine","Muscongus Bay, Maine",,"Muscongus Bay, Maine","Tappan Zee, New York",
Total number of live oysters at baseline,8,2,4,7,,,0,8,,2,,,10,,
Total mass of live oysters at baseline (g),,,40,,,,,,,,,,,,
Total number of live oysters on shell,3,2,1,3,0,1,2,3,8,3,2,0,5,11,4
Total mass of scrubbed substrate shell + oysters + tag (g),,70,1.9,0,0,0,0,148,0,0,50.9,0,30.18,0,0
Measurements (mm),"32.14,35.23,52.26","22,14",20,"62,48,56",,64,"47,55","65,64,60","41,38,51,40,46,45,43,40","49,44,51","38,54",,"3.3,45.6,49.6,2.2,3.6","17,11,30,49,31,43,25,21,24,38,14","83,83.25,88.05,70"
Minimum size of live oysters (mm),32.14,14,20,48,,64,47,60,38,44,38,0,2.2,11,70
Maximum size of live oysters (mm),52.26,22,20,62,,64,55,65,51,51,54,0,49.6,49,88.05
Average size of live oysters (mm),39.876666666666665,18,20,55.333333333333336,,64,51,63,43,48,46,0,20.86,27.545454545454547,81.075
Substrate Shell #9,,,,,,,,,,,,,,,
Outer side photo,http://s3-us-west-1.amazonaws.com/digital-platform-prod-files/uploads/protocols/oyster-measurements/img/outer-substrates/0c74b03c7443722629a6660ead39780f.JPG,http://s3-us-west-1.amazonaws.com/digital-platform-prod-files/uploads/protocols/oyster-measurements/img/outer-substrates/2ec5e8f4043a665e03ae0de96cc3ef32.jpg,http://s3-us-west-1.amazonaws.com/digital-platform-prod-files/uploads/protocols/oyster-measurements/img/outer-substrates/dcc1b0cb3f16cd23fe3d53882e88d59b.JPG,,,,,http://s3-us-west-1.amazonaws.com/digital-platform-prod-files/uploads/protocols/oyster-measurements/img/outer-substrates/427d83fcffb0c122328eebde26905887.jpg,http://s3-us-west-1.amazonaws.com/digital-platform-prod-files/uploads/protocols/oyster-measurements/img/outer-substrates/6eec74072474f1adabc260d6278fc433.jpg,http://s3-us-west-1.amazonaws.com/digital-platform-prod-files/uploads/protocols/oyster-measurements/img/outer-substrates/0915e3ae57781d0b99d4e02bf27dae66.JPG,http://s3-us-west-1.amazonaws.com/digital-platform-prod-files/uploads/protocols/oyster-measurements/img/outer-substrates/2a5672f411afd29d8dda179e1168a949.jpg,,,,http://s3-us-west-1.amazonaws.com/digital-platform-prod-files/uploads/protocols/oyster-measurements/img/outer-substrates/2aff7a1b4ea717a20e3f5070c1b37513.jpg
Inner side photo,http://s3-us-west-1.amazonaws.com/digital-platform-prod-files/uploads/protocols/oyster-measurements/img/inner-substratesc6f1f16489854cb889527e204eb5c8ce.JPG,http://s3-us-west-1.amazonaws.com/digital-platform-prod-files/uploads/protocols/oyster-measurements/img/inner-substratesbccb9a8222f39bcf1c4a073825f75300.jpg,http://s3-us-west-1.amazonaws.com/digital-platform-prod-files/uploads/protocols/oyster-measurements/img/inner-substrates29b086184a6ea9aa7f4aeb6fcf9a6ce6.JPG,,,,,http://s3-us-west-1.amazonaws.com/digital-platform-prod-files/uploads/protocols/oyster-measurements/img/inner-substrates5b4b75eefe9a51876ff815ba75729b40.jpg,http://s3-us-west-1.amazonaws.com/digital-platform-prod-files/uploads/protocols/oyster-measurements/img/inner-substrates41403e03d47263a0add0fdc00c2f26e4.jpg,http://s3-us-west-1.amazonaws.com/digital-platform-prod-files/uploads/protocols/oyster-measurements/img/inner-substratesb11c1f4851522f6ec593421076794500.JPG,http://s3-us-west-1.amazonaws.com/digital-platform-prod-files/uploads/protocols/oyster-measurements/img/inner-substrates47723dcb1ef119a7a7e054621a59a608.jpg,,,,http://s3-us-west-1.amazonaws.com/digital-platform-prod-files/uploads/protocols/oyster-measurements/img/inner-substratesd68646eda6496da3f749f35f16c1bb22.jpg
Set date,1/1/70,1/1/70,11/19/16,7/14/15,,6/28/15,12/31/69,7/14/15,7/15/15,8/15/15,7/15/15,5/16/17,6/9/16,,
Source,"Muscongus Bay, Maine","Muscongus Bay, Maine",Wallabout Channel,"Muscongus Bay, Maine",,"Muscongus Bay, Maine","Muscongus Bay, Maine","Muscongus Bay, Maine","Muscongus Bay, Maine","Muscongus Bay, Maine","Muscongus Bay, Maine","Muscongus Bay, Maine","Muscongus Bay, Maine",,
Total number of live oysters at baseline,5,6,2,11,,1,3,12,,1,,,4,,
Total mass of live oysters at baseline (g),,,38,,,66.4,,,,,,,,,
Total number of live oysters on shell,3,6,3,8,0,1,3,2,15,1,2,0,4,9,2
Total mass of scrubbed substrate shell + oysters + tag (g),0,51,6.7,0,0,0,0,89.9,0,0,40.2,0,19,0,0
Measurements (mm),"54.46,54.6,37.84","12,29,42,25,36,28","30,15,27","54,53,45,37,47,46,42,53",,70,"54,37.8,44.9","46,54","47,43,44,50,47,63,45,52,22,42,41,41,59,56,48",43,"65,37",,"25.1,33.7,22.4,24.3","62,42,31,33,52,55,38,34,44","68.5,99.4"
Minimum size of live oysters (mm),37.84,12,15,37,,70,37.8,46,22,43,37,0,22.4,31,68.5
Maximum size of live oysters (mm),54.6,42,30,54,,70,54,54,63,43,65,0,33.7,62,99.4
Average size of live oysters (mm),48.96666666666667,28.666666666666668,24,47.125,,70,45.56666666666666,50,46.666666666666664,43,51,0,26.375,43.44444444444444,83.95
Substrate Shell #10,,,,,,,,,,,,,,,
Outer side photo,http://s3-us-west-1.amazonaws.com/digital-platform-prod-files/uploads/protocols/oyster-measurements/img/outer-substrates/309c26893b38a3c21803eccd08c59341.JPG,http://s3-us-west-1.amazonaws.com/digital-platform-prod-files/uploads/protocols/oyster-measurements/img/outer-substrates/6f1ae1aaecc0cf53cba988470478ccca.jpg,http://s3-us-west-1.amazonaws.com/digital-platform-prod-files/uploads/protocols/oyster-measurements/img/outer-substrates/9c90c848962dff158a32cb6504e4eba6.JPG,,,,,http://s3-us-west-1.amazonaws.com/digital-platform-prod-files/uploads/protocols/oyster-measurements/img/outer-substrates/908f13c6ac44226f623e8e287c06a32a.jpg,,http://s3-us-west-1.amazonaws.com/digital-platform-prod-files/uploads/protocols/oyster-measurements/img/outer-substrates/014a0168e2cd4660755f2d7e5414103a.JPG,http://s3-us-west-1.amazonaws.com/digital-platform-prod-files/uploads/protocols/oyster-measurements/img/outer-substrates/e0d79d65f6ded8ce74a0fc9b9da4a644.jpg,,,,http://s3-us-west-1.amazonaws.com/digital-platform-prod-files/uploads/protocols/oyster-measurements/img/outer-substrates/75677b9ac480dd6e15a0078c906c8bcd.jpg
Inner side photo,http://s3-us-west-1.amazonaws.com/digital-platform-prod-files/uploads/protocols/oyster-measurements/img/inner-substrates9e70fdbe3a7198112a604ce3f3437731.JPG,http://s3-us-west-1.amazonaws.com/digital-platform-prod-files/uploads/protocols/oyster-measurements/img/inner-substrates103c6b3a43d6466abff6d17031a48da4.jpg,http://s3-us-west-1.amazonaws.com/digital-platform-prod-files/uploads/protocols/oyster-measurements/img/inner-substrates675cf63df65d9e57bef24be4b7ee10fe.JPG,,,,,http://s3-us-west-1.amazonaws.com/digital-platform-prod-files/uploads/protocols/oyster-measurements/img/inner-substratesa662acb24428aa273e375fcebb6b8670.jpg,http://s3-us-west-1.amazonaws.com/digital-platform-prod-files/uploads/protocols/oyster-measurements/img/inner-substrates43f377e3faeda7ce5ef4eccb2dad466b.jpg,http://s3-us-west-1.amazonaws.com/digital-platform-prod-files/uploads/protocols/oyster-measurements/img/inner-substrates8ea9d019abb67ee98bc1ebb85010ad7c.JPG,http://s3-us-west-1.amazonaws.com/digital-platform-prod-files/uploads/protocols/oyster-measurements/img/inner-substrates7a8c84550b860b36e77af046b1dd41e5.jpg,,http://s3-us-west-1.amazonaws.com/digital-platform-prod-files/uploads/protocols/oyster-measurements/img/inner-substratesc299af8f04c1fbbfb683a7270d6b9adf.jpg,,http://s3-us-west-1.amazonaws.com/digital-platform-prod-files/uploads/protocols/oyster-measurements/img/inner-substrates723c1fe5a2bc34f09ffeceb33a76db8e.jpg
Set date,1/1/70,1/1/70,11/19/16,7/14/15,,,12/31/69,7/14/15,7/15/15,8/15/15,7/15/15,,6/9/16,,
Source,"Muscongus Bay, Maine","Muscongus Bay, Maine",Wallabout Channel,"Muscongus Bay, Maine",,,"Muscongus Bay, Maine","Muscongus Bay, Maine","Muscongus Bay, Maine","Muscongus Bay, Maine","Muscongus Bay, Maine",,"Muscongus Bay, Maine",,
Total number of live oysters at baseline,5,11,4,4,,,1,4,,3,,,8,,
Total mass of live oysters at baseline (g),,,58,,,,,,,,,,,,
Total number of live oysters on shell,2,11,4,4,0,0,1,1,12,2,7,0,7,2,7
Total mass of scrubbed substrate shell + oysters + tag (g),0,38,1.52,0,0,0,0,75.6,0,0,162.8,0,61.4,0,0
Measurements (mm),"38.62,25.39","17,23,25,44,26,30,26,20,23,18,40","28,30,37,28","51,44,41,39",,,41.6,52,"48,41,37,59,45,61,46,64,50,48,46,59","46,47","55,47,44,45,53,58,67",,"45.2,39.4,25.1,31,25.8,22.7,30.2","65,71","86,55.2,79,102.4,35.6,37,83.5"
Minimum size of live oysters (mm),25.39,17,28,39,,0,41.6,52,37,46,44,0,22.7,65,35.6
Maximum size of live oysters (mm),38.62,44,37,51,,0,41.6,52,64,47,67,0,45.2,71,102.4
Average size of live oysters (mm),32.004999999999995,26.545454545454547,30.75,43.75,,0,41.6,52,50.333333333333336,46.5,52.714285714285715,0,31.342857142857138,68,68.38571428571429
Minimum size of all live oysters (mm),15.44,11,12,34,9,5.9,25.5,38,22,26,23,54,2.2,11,33
Maximum size of all live oysters (mm),80.12,70,50,66,124,80,55.25,66,64,52,76,54,70,71,102.4
Average size of all live oysters (mm),46.704800000000006,30.571428571428573,30.03488372093023,46.96875,42.27777777777778,49.42857142857143,42.72124999999999,56.526315789473685,47.2,41.64705882352941,49.794871794871796,54,31.18421052631579,42.11764705882353,65.86984126984127
Total number of all live oysters,25,98,43,32,18,7,24,19,85,17,39,1,57,51,63
Water Quality Sample #1,,,,,,,,,,,,,,,
pH,,,,,,,,,,,,,,,
Method,Sensor,Test strips,Sensor,Test strips,Test strips,Test strips,Test strips,Sensor (read only),Test strips,Sensor,Sensor (read only),Sensor (read only),Sensor (read only),Sensor (read only),Test strips
Unit,pH (logscale),pH (logscale),pH (logscale),pH (logscale),pH (logscale),pH (logscale),pH (logscale),pH (logscale),pH (logscale),pH (logscale),pH (logscale),pH (logscale),pH (logscale),pH (logscale),pH (logscale)
Results,"7.3,7,7.2","7,7,7","7.4,7.8,7.7","6,6,6","7,7,7","7.3,7.3,7.4","5,5,5","7.57,7.57,7.54","6,6,6","7.54,7.31,7.32","7.45,7.46,7.4","8.7,7.2,6.8","7.4,7.5,7.5","7.2,7.2","8,8"
Average,7.17,7,7.63,6,7,7.33,5,7.56,6,7.39,7.44,7.57,7.47,7.2,8